Workbook

Sheet Sheet1
A1: 200.22
B4: Metrics | C4: 205 | D4: Metrics
B5: Infrastructure Integrations | C5: 441 | D5: Metrics
B6: APM events | C6: 11.5 | D6: Traces
B7: Logging | C7: 6.5 | D7: Logs
B8: Tracing | C8: 138 | D8: Traces
B9: Infrastructure Hosts | C9: 190 | D9: Metrics
B10: Infrastrucure Processes | C10: 18 | D10: Metrics
B11: Custom events | C11: 0 | D11: Logs
B12: Serverless | C12: 0 | D12: Logs
B13: Browser events | C13: 5.25 | D13: RUM
B16: Logs | C16: =C7+C11+C12 -> 6.5
B17: Metrics | C17: =C4+C5+C9+C10 -> 854 | D17: =C17*1000 -> 854000 | E17: <- numseries
B18: Traces | C18: =C6+C8 -> 149.5
B19: RUM | C19: =C13 -> 5.25 | D19: =(C19*1000*1000)/800 -> 6562.5 | E19: <- sessions

Sheet Sheet2
A1: Usage Metric | B1: Avg. Gb Ingest | C1: % Percentage
A2: LoggingBytes | B2: 43921.034 | C2: =B2/SUM('Area-chart-query'!$B$2:$B$15) -> #REF!
A3: TracingBytes | B3: 18014.072 | C3: =B3/SUM('Area-chart-query'!$B$2:$B$15) -> #REF!
A4: MetricsBytes | B4: 8888.1812 | C4: =B4/SUM('Area-chart-query'!$B$2:$B$15) -> #REF!
A5: InfraIntegrationBytes | B5: 7444.7102 | C5: =B5/SUM('Area-chart-query'!$B$2:$B$15) -> #REF!
A6: ApmEventsBytes | B6: 3450.6226 | C6: =B6/SUM('Area-chart-query'!$B$2:$B$15) -> #REF!
A7: CustomEventsBytes | B7: 2262.5874 | C7: =B7/SUM('Area-chart-query'!$B$2:$B$15) -> #REF!
A8: PixieBytes | B8: 1372.6607 | C8: =B8/SUM('Area-chart-query'!$B$2:$B$15) -> #REF!
A9: InfraHostBytes | B9: 1190.0315 | C9: =B9/SUM('Area-chart-query'!$B$2:$B$15) -> #REF!
A10: ServerlessBytes | B10: 362.06887 | C10: =B10/SUM('Area-chart-query'!$B$2:$B$15) -> #REF!
A11: InfraProcessBytes | B11: 61.40577 | C11: =B11/SUM('Area-chart-query'!$B$2:$B$15) -> #REF!
A12: BrowserEventsBytes | B12: 39.048806 | C12: =B12/SUM('Area-chart-query'!$B$2:$B$15) -> #REF!
A13: NetworkMonitoringBytes | B13: 11.475983 | C13: =B13/SUM('Area-chart-query'!$B$2:$B$15) -> #REF!
... A15: WorkloadsBytes | B15: 0.019492541 | C15: =B15/SUM('Area-chart-query'!$B$2:$B$15) -> #REF!
B16: =SUM('Area-chart-query'!$B$2:$B$15) -> #REF! | C16: =SUM('Area-chart-query'!$C$2:$C$15) -> #REF!
D18: 36 full users at 305 per user
D19: .36 GB for the first 45000
D20: .45 per GB after 45001
